Référence,ContenuPDF
dec_2017_0935,"Grand Paris Sud

Soina-Essonne- Sénart

Décision du Président n° DEC-20170935

o : POSITION DE:

Le Président dela Communauté d'agglomération Grand Paris Sud Sine-Essonne-Sénart,
Vue code général des collectivités territoriales et notamment son article 5211-10,

Vu le code général de La propriété des personnes publiques et notamment ses articles L.2122:1 et
suivants,

Vu la délibération n° 18 du Conseil communautaire en date du 13 décembre 2016 portant adoption
des tar de location et de mise en place du matériel des équipements de la Communauté
d'agglomération,

Vu la délibération n° DEL-2017/263 du Conseil communautaire en date du 27 juin 2017 portant
délégation d'attbutions au Président en application de l'article L5211-10 du code général des
collectivités tertoriales,

Considérant La demande de La commune de Corbelk£ssonnes d'occuper les locaux de l'Annexe du
Palois des Sports à CorbelEssonnes,

DECIDE

aane1:

De conclure une convention ave la commune de Corbeil £ssonnes dont la mairie es située 2 Place
‘Gaigrani- 91100 CorbelEssonnes, afin de 'autoriser à oceuper les locaux de l'Annexe du Palais des
Sports, stuée 9 rue Paul Doumer - 91100 CorbeiEssonnes, pour organisation de l'École Multsports
durant l'année scolaire 2017/2018, soi du 6 septembre 2017 au 27 juin 2018 (hors vacances
scolaires et jours fériés

Amnae2:

Les jours et heures de cette mise à dspostion par la Communauté d'agglomération sont précisés à
F'aick n° 5 de la convention.

00e anges. 62-Coovnes



asus:

Cette mise à ispostion est consenti à titre gratuit

Asnats:

Le Président et le Directeur général de la Communauté d'agglomération sont chargés, chacun pour
8 qui concere, de l'exécution del présente décision.

Aanaes:

Amplation de la présente décision sera affichée selon les prescriptions légales et transmise à
IMaclame La Préfèt de l'Essonne et à Monsieur le Comptable publ «Evry

Faità Courcouronnes le {4 OCT. 2017

Transmis en Préfecture le 18 OCT, 2017

Afichéle 20 OCT. 2017

Le présente décision peu fe Fobjet dans un délai de deux mois à compter de 50 otfcation et/ou 12
Bublaion, d'un recours contentieux ourès du tburl odminstratf de Versailes où dun recours recu.
ouptès de La Communauté donglomératin, étant précé que celle-ci dipose ls dun dll de deux mas
pour réponde. Un slence de eux mais veut ar déhion malt dacepttion sou exceptions prévues à
F'atie 2 de le ll du 12 av 2000 relate ux ro des tons danseurs relations ave les amintratons
et par es décrets d'appleton de ce tete. Lo décision ais pr, quelle sa expresse ou implete, pours
el même tre défrée ou nul aäminstratf dons un délai de deux mi.

SEE Dane O1


"
dec_2025_0297,"Accusé de réception en préfecture
091-200080228 20280820 DEC 2025 0297.AR
Date de téltransmisaon : 2010872025.

Date de réceplon prélecture : 2005/2025

Grand Paris Sud

Soine-Ersonns-Sérant

Décision du Président n° DEC-2025/0297

Convention de mise à disposition à titre précaire et révocable, des espaces situés dans
l'enceinte de l'hippodrome et des ex terrains dit ""LU/AXA"" de Bondoufle et Ris-Orangis à
conclure avec la société The Place To See

Le Président de a communauté d'agglomération Grand Paris Sud Seine-Essonne-Sénart;
Vu le code général des collectivités tertorales et notamment son article L 5211-10

Vue code général de la propriété des persannes publiques et notamment ses articles L 2122-1 et
suivants ;

Vues statut dela communauté d'agglomération Grand Paris Sud Seine-Es5onne-Sénat;

Vu a délibération n° DEL-2021087 du Conseil communautaire en date du 9 février 2022 fixant les
redevances d'occupation des sites de l'hippodrame et des terrains its « Lu/Axa » à Ris-Orangis et
Bondoufle ;

Vu la délibération n° DEL-2024/190 du Conseil communautaire en date du 25 juin 2024 portant
modification de a délégation d'atibutions du Conseil communautaire au Bureau communautaire,
au Président et au Vice-président chargé de La commande publique en application de l'article
L 5211-10 du code général des collectivités territoriales ;

Vules conventions signées avec Établissement Public Foncier d'Île-de-France (EPFIF) le 25 octobre
2013 et le 9 décembre 2014, concernant la gestion du ste de l'hippodrome et des terrains dits
«ua»;

Vu le projet de convention de mise à disposition à titre précaire et révocable à conclure avec la
société The Place To See;

(Considérant que l'établissement Public Foncier dle-de-France (EPFIF) a acquis le 25 octobre 2013,
auprès de l'association France Galop, Le site de l'hippodrome, puis, le 9 décembre 2014, le site di de
 Lu/awa », pour le compte de La communauté d'agglomération Évry Centre Essonne aux droits de
Laquelle intervient a communauté d'agglomération ;

(Cansidérant que l'EPFIF confié la communauté d'agglomération, par voie de convention, la gestion
etle gardiennage des sites de l'hippodrame et des ex-terrains « Lu/AXa » ;

(Considérant parsuite, qu'en sa qualité de gestionnaire et conformément aux conventions susvisées
signées avecl PR, la communauté d'agglomération a toute compétence pour mette à disposition
ces sites au profit de divers bénéficiaires;

Considérant que lasociétéThe Pace TaSee souhaite utilserces sites pour un tournage publicitaire;

Considérant qu'il y donc lieu de fixer, par voie de convention, les madalités de cette mise à
disposition;

00 pi ange pesn62
0 y Conan ner 01688 858


--- Fin de la page 1 ---

Accusé de réception en préfecture
091-200080228 20280820 DEC 2025 0297.AR
Date de télétransmisaon : 2010872025.
Date de réception prélcture : 20/05/2025

DÉCIDE +
Article 1;

Une conventionest conclue entr là communauté d'agglomération etlasociété The Place To See, sise
225 rue Vaugirard Paris (75015), représentant son lient Ia société Asphalte Six t Sep, aise 27rue
Saintioseph Bordeaux (3000), relative âlamise à disposition titre précaire et révocable, du site
Situé dans l'enceinte de l'hippodrome et des ex terrains dits « LU/Axa », ss surLes communes de
Bondoufe (91070) et de Ris-Orangis (91130.

Article 2:

La mise disposition de ce it estconsente moyennantieverementd'uneredeance d'oœupation
conformément au tarif fixé par La délbération susvisée du Conseil communautaire en date du
9 février 2021 La société The Pace To Seeverseraàla Communauté d'agglomération une redevance
parjourd'oceupation, selon es modalités fixées À l'ile 5 de dite convention, sit la somme de
300 € (rois mille euros) pour 2 (deux jurs occupation.

Aticle3:
La convention de mise à disposition est condue pour une durée de 2 jours es 16et17 avril 2025.
Article 4:

Le Président tle Directeur général des services de la Communauté d'agglomération sont chargés,
chacun pour ce ques concerne, de l'exécution de la présente décision.

Article 5:

La présente décsion sera transmise à la préfète de l'Essonne, au comptable public d'évy-
Courcpuronnes etpabliéeenlignesur le site Internet de la Communauté d'agglomération selan les
prescriptions égales en vigueur pur dégalon

Fait -Gourcouronnesle 20 MAI IS 7

e) Een ee

ss?

Transmis en Préfecture le 2. Q MAI 200$
Publéle 20 MAIS

Lo présente décson peut foire fab, dns un él de deux mois à compter de se notation tou sa
publcaton, dur recours cnterteur auprés du WBunal adrmatotf compétent ou dun our gracieux
auprès de la commurauté daggemératon, ant pré que cet. dipose rs dun di de deux mas pour
répondre. Un since de deux mas veut ol Gécion mplcte d'aceeploën, sauf ecplons proues eux
apphañon de ces tetes La décsin ain prise. ques s0k express où impice, route lemme êre
défie ou banal admin dans un ddl dur mo Lo siüre du Mural peut Ffcuer par voie
dématéralsée pr lopphcohon trous ctoyes, accessible à par du te ou

perrése et

0h Éry cran 0169915858

--- Fin de la page 2 ---

"
dec_2025_0322,"Accusé de réception en préfecture
091-200080228 20280604 DEC 2025 0222.AR
Date de téltransmisaon : 04/0672025.

Date de réceplon prélecture : 04/06/2025

Grand Paris Sud

Seie-Essonne-Sénar

Décision du Président n° DEC-2025/0322

an

Le Président dela communauté d'agglomération Grand Paris Sud Seine-Essonne-Sénar,
Vule code général des collectivités teritorales et notamment son article 5211-10;

Vu a li 2000-21 du 12 avril 2000 relative aux droits des citoyens dans leurs relations avec les
administrations, et notamment son article 10qui prévoit que l'autorité administrative qui attbue
une subvention doit condure, ave l'organisme de droit privé qui en bénéficie, une convention
définissant l'objet, le montant etes conditions d'utilisation de la subvention attribués

Vu le décret n°2049 du 6 juin 200 pris pour l'application de l'article 10 de ali °2000-321 du
12 avr 2000 etrelatf la transparence financière des aides actroyées parles personnes publiques,
“etnotamment son arile 1° qui prévoit que l'obligation de conclure une convention, prévue parle
troisième alinéa de l'article 10de a oi du 12 avril 2000 susvisée, s'applique aux subventions dont le
montant annuel dépasse la somme de 23 000 eus ;

Vu la délibération n° DEL-2024/190 du Conseil communautaire en date du 25 juin 2024 portant
modification de a délégation d'attibutions du Consel communautaire au Bureau communautaire,
Au Présidentetau Vice-président chargé dela commande publique en application de l'atideL. 5211
10 du code général des collectivités teritoriales ;

Vu la délibération n° DEL-2025/083 du Conseil communautaire en date du £ avril 2025 portant.
attribution et versement de subventions aux associations et arganismes pour l'année 202, et
attribuant notamment celles-ci comme suit

une subvention d'un montant de 69 400€ l'association ASCE Natation es Dauphins,
une subvention d'un montant de 71 000€ l'assodiation des Jets Évy-Viry Hockey 92,
une subvention d'un montant de 9 500 à l'association LS Ris-Orangis Rugby,
une subvention d'un montant de 45 400€ à l'association ASPS Baseball Templiers de Sénare,
une subvention d'un montant de 67 200€ à l'association CACV Gymnastique,
une subvention un montant de 8200 € à l'association Tennis Club Saint Germain Js-Corbel,
ne subvention d'un montant de 41 500€ à l'association AS Évy-Courcouronnes Karaté,
une subvention d'un montant de 25000 € à l'association SCA 2000 Évy Athlétisme,
ne subvention d'un montant de 42900 € l'association AS Évy Baseball Softbal
une subvention d'un montant de 2.000 € à l'association US Rls-Orangis Roller Skating,
une subvention d'un montant de 43 800€ à l'association GPSCE Aquatique,

une subvention d'un montant de 13800 €à l'association Savigny Sénart Athlétisme,

S0plr damen dre 2762


--- Fin de la page 1 ---

Accusé de réception en préfecture

ir 091-200080228-20280604 DEC 2025 0222.AR
2 Date de télétransmisaon : 04/0672025.
| e; Date de réceplon prélecture : 04/06/2025

une subvention d'un montant de IDAGDES association Combs Sénart Tennis de Table,
{une subvention d'un montant de 40 € l'association AS Évry othall América,
une subvention d'un montant de 4700 à l'assacation ASCE Tennis de Table,

une subvention d'un montant de 8000 à l'association SCA 200 Handball,

une subvention d'un montant de 6300 à l'assacation COC Gymnastique,
ne subvention d'un montant de 2500 à l'assacation AS Évry Handisport Tennis de Table,
une subentian d'un montant de 10000 €à l'association ASCE Canoë Kayak,
une subention d'un montant de 7 100 à l'association Melssy-Cramayel Basket,
une subention d'un montant de 8900 €à l'association Usses Athletic Club,
une subention d'un montant de 2600 €à l'association Vipers Grigny Cricket,
une subvention d'un montant de 17 200€ à l'association Audo Académie Paris Sud,
une subvention d'un montant de 16 200 € à l'association Sénart Gym CV,
une subvention d'un montant de 1200 €à l'association Lsses Cricket Club,
une subvention d'un montant de 3500 € à l'association Myrmidons Union Team,
une subvention d'un montant de 12 800€ à l'association USRO Basket Bal,
une subvention d'un montant de 2900 €à l'association BAC Tennis de Table,
une subvention d'un montant de 8 300 € l'association Savigny Taekwondo 77,
{ue subvention d'un montant de 13 500€ l'association ASCE Aviron,
{une subvention d'un montant de 2000 € 'assocation AS Val Grand Bondoufie,
{une subvention d'un montant de 1 500€ l'association Lsses Handbal| Sport Adapté,

{une subvention d'un montant de 40 € l'association SCA 2000 Evry Trampoline,
une subvention d'un montant de 36800 à l'association Diamant Futsal,

une subvention 'un montant de 1 200€ à l'association Union des Indiens Cricket Evry
Coureouronnes,

une subention d'un montant de 2500 Cà l'association COC sport adapté,
une subention d'un montant de 600 à l'association Starlates de Lieusaint
une subvention d'un montant de 12000 à l'association ASCE Rugby XII Spartiates,
une subvention d'un montant de 4 100 à l'association Sénart Badminton.
Vu les projets de conventions 'abjecifs à conclure avecchaaune des associations précitées ;
(Considérant uen vertu de ses compétences la Communauté d'agglomération à attribué des

subventions àdes associations et à des établissements locaux animant ou organisant des actions sur
son terre;

Considérant qu Les associations ont ien approuvé le contrat d'engagement républicain ;

Spa ét amer Oer:a762
B108 Green ca Tu 1e1690 6050


--- Fin de la page 2 ---

Accusé de réception en préfecture
091-200080228 20280604 DEC 2025 0222.AR
Date de téltransmisaon : 04/0612025.

Date de réceplon prélecture : 04/06/2025

Grand Paris Sud

Saine-Essonne-Génare

DÉCIDE +

Acticie 1
Des conventions 'abjectifs sont passées avec chacune des 39 assciations caprès énoncées,
subséquemmant à l'ocvoi de subventions par le Conseil communautaire en appleation de La
délibération n° DEL.2025093 en date du 8 avril 2025.

AS Cotbel-Essannes natation les Dauphins, sise 43 Rue du Bas Coudray à CorbellEsonnes
CCR

= Jetsd'Évry/Viy-Châtilon Centre Essonne [Éwy-Viry Hockey 81, sise 32, avenue du Général
Ge Gaulle à Viny-Châtillon (91170);

US Ris- rangs Rugby, sise 69, rue Albert Rémy à is-Orangis (31130);

ASPS asebal Templiers de Sénart sise Maison des Associations, rue die Rougeau à Savigny
Le-Temple (77176);

CACV Gymnastique (CACV Gym Sportive) sise BP 50022 à Combs -l-Vile (77884);

Tennis Club Saint Gormain-ls- Corbeil 94, sise 76 bis, avenue Guillaume Apollinaire à Saint
Germain-lès Coreil (21250;

AS Éry-Courcouronnes Karaté, sise 2 Square Gutenberg à Evry-Courcourannes (91080);

SCA 2000 Évry Athlétisme, Maison des Sports — 206, rue Pierre et Marie Curie à Évr
Courcouronnes (91080) ;

AS Évry Baseball Softballes Pharzors, sise Maison des Spors206, rue Pierre et Marie Curie
3 Évy-Courcouronnes (91060);

US is-Orangfs Roller Skating, sise 60 rue Albert Rémy à Ris-Orangis (91130);

Grand Paris Sud Corbeil Essonnes Aquatique (GPSCE aquatique) sise 49 rue du Bas Coudray à
Corbeil Essonnes (91100);

Savigny Sénart Athétisme, Stade d'honneur jean Bouin, avenue Jean Moulin à Savigny
Temple (776):

Combs Sénart Tennis de Table, 7rue ÉikSatie à Combs-la-Vile (77380);
AS Évry Football Américain, 206 rue Pierre et Marie Curie à Évry-Courcouronnes (91080);
_ ASCE Tennis de Table, 2 rue Louis Robert à Corbeil Essonnes (91100)
560 pe dre Onéer.962

1084 Cour Can TA016991 5258


--- Fin de la page 3 ---

Accusé de réception en préfecture
091-200080228-20280604 DEC 2025 0222.AR
Date de téltransmisaon : 04/0672025.

Date de réceplon préleture : 04/06/2025

SCA 2000 Handball, 206rue Pierre 8e Pre Gus 6 Courcauronnes [S1OBD ;
(GOC Gymnastique, 13 route de Versailles à Évry-Courcouronnes (91080);

AS Évry Handisport Tennis de Table, 206 rue Pierre et Mari Curie à Évry-Courcourannes
(51080;

(ASCE Canoë-Kayak, rue d'Angoulème à Corbeil £ssonnes (81100);
| Moissy-Cramayel Basket, Place du souvenir à Moisy-Cramayel (77550) ;
UssesAthlei Club, Complexe sportif Stéphane Diagana- avenue des Parc à Lsses (31090);
| Vipers Grigny Grcket, 41 rue Bois Sauvage à Évry-Courcouronnes (91080);
Judo Académie Paris Sud, Place u souvenir à Moisy-Cramaye (77550);
Sénart Gym CC, Srue Aimé Césaire à Vert Saint-Denis (77240)
{usses Cricket Club, 8 rue Raphaël à Lisses (91080);
= MyrmidonsUnion Team, Stade Jean Bouin, Avenue Jean Moulin Savigny. Temple (77276);
| USRO Basket Bal, EDrue Albert Rémy à is-Orans(S1130) ;
BAC Tennis de Table, 1rue de 1 Poste à Bondoufle (91070);
Savigny Taekwondo 7, 50 rue de Melun à Savigny le Temple (717);
(ASCE Aviron, 71 quai Maurice Riquiez à Corbeil-Essonnes (91100);
45 Val Grend Bondoufle, route départementale 31 à Bondoufle (1070);
= isses Handtall Sport Adapté, 2rue Thirouin à Lisses (81080)
SCA 200 Evry Trampoline, 206 ru Pierre et Marie Curie à Évry-Courcourannes (91080)
Diamant Futsal, 206 rue Piere et Marie Cure à Évy-Courcouronnes (91080);
Union des Indiens de France Cricket Evry-Courcouronnes à Évry-Courcouronnes (91080);
OC Sport Adapté, 13 route de Versailles à Évry-Courcouronnes (91080);
Srarletes de Lieusant, 31 rue duchamo des roses à Lieusait (77227 ;
= ASCE Rugby XI Les Spantiates, 12rue Fernand Laguide à Corbeil Essonne (91100)

Sénart Badminton, EBrue Louise Michel à Combs Ja

le (7380.
Aide 2

Les subrentions seront versées aux associations en totalité à compter de la signature de leur
convention respecte.

0 ur censée 110169015858


--- Fin de la page 4 ---

Accusé de réception en préfecture
091-200080228 20280604 DEC 2025 0222.AR
Date de téltransmisaon : 04/0612025.

Date de réceplon prélecture : 04/06/2025

Grand Paris Sud

Selne-Essenne- Sénart
Avtihe 3:
Les conventions sont conclues autre de l'année sportive 20242025,
Article 4:

Le Président etle Directeur général des services dela Communauté d'agglomération sont chargés,
chacun pour ce ques concerne, de l'exéeution de la présente décision.

Atticle 5:

La présente décision sera transmise à la préfète de l'Essonne, au comptable public d'Évry-
Goureouronnes etpubliéeenlignesur le site internet de La Communauté d'agglomération selon es
presciptions légales en vigueur.

Faità Ém-Courcouronnes le { JUN 2025

Transmis en Préfecture le O4 JUN 2005
Pubhéle O4 JU 1

La présente déison peut fair Fobjet dans un délai de deux mor à compter de 20 notation fou a
pablaton, dus recours cntenteut auprés du Wbunai admnitrof compétene Où EU recours grade
auprés de lo communauté Soggloméroton, étant précisé que co dspose alor dun dé de deux molspout
Npondre. Un since de deux mais ut als décsion mplcte d'opter, sauf excaplions prévues out
ares L231-4 et suhant du code des ral enve le publ ct fodmimäoten et par les décnes
dogphaon de ces tués. La déchlon ani prise que so expresse ou mp, pour elle-même êve.
défénée où banal aümtrotf dans un do) deux mot. La stine du unl pet Fee par vole
dématéialsée par lopplaton Trecours toys, accessble à par due ner

Énpncener can a :01608 5858


--- Fin de la page 5 ---

"
dec_2025_0348,"Accusé de réception en préfecture
091-200080228 20280624 DEC 2025 o248-AR
Date de téltransmisaon : 24/0612025.

Date de réceplon prélcture : 24/06/2025

Grand Paris Sud

Seine -Erronne-énart

Décision du Président n° DEC-2025/0348

BAIL COMMERCIAL A CONCLURE AVEC SAS AGV IMMO 1 POUR LA LOCATION D'UN
LOCAL SITUE AU 40 AVENUE COLETTE À SAINT-PIERRE-OU-PERRAY

Le Président dela communauté d'agglomération Grand Paris Sud Seine-Essonne-Sénat,

Vue code général des collectivités territoriales et notamment son article L. 5211-10;
Vu le code général de la propriété des personnes publiques et notamment son article L 2221-1;
Vue code du commerce et notamment les articles L 45-1 etauivants

Vu la délibération n° DEL-2024190 du Conseil communautaire en date du 25 juin 2024 portant
modification de la délégation d'attrbutions du Conseil commurautare au Bureau communautaire, a
Présidente au Vice-présdentehargé dela commande publique en application de l'article L 5211.10
du code général des collectivités tertoriaes ;

(Considéranties Locaux commerciaux propriété de la communauté d'agglomération Grand Paris Sud
is49 avenue Colette, parcllecadastréesecion AH 490, surla Commune de Saint-Pierre-du-Peray
(22280);

{Considérant que ces locaux étaient précédemment occupés par a Socété Nouvelle ERE qui es a
libérés au 31 mai 2025;

(Considérant que a Société AGV IMMO I à fit partà la Communauté d'agglomération de son souhait
d'occuper les locaux vacants à partir du 1” juin 2025 afin &y développer une actnité d'agence
immobilière ;

Considérant la nécessité pour ls communauté d'agglomération Grand Paris Sud de contractualser
l'occupation des locaux au profit de la SAS AGV IMVO 1;

DÉCIDE :

Un bailcommercialest concluaveclaSAS AGVIMIMO Haine autoriser occuper les locaux situés
40 avenue Colette à Saint-Piere-du-Perray (91280, d'une surface de 104.

aide 2:

Le présentbail prendeffet à compter du 1” juin 025, pour une durée de Sans, sit jusqu'au 31 mai
zou.

300 ir mg Oner-62


--- Fin de la page 1 ---

Accusé de réception en préfecture
091-200080228 20280624 DEC 2025 0248-AR
Date de téltransmisaon : 24/0672025.

Date de réceplon préleture : 24/06/2025

Article 3:
Le présent ball est consenti et accepté moyennant le paiement d'un loyer annuel de 25 000 HT,
payable trimestrielement àterme à échor Le loyerserarévisabe annuellement dans les conditions
prévues au bail.

Iest convenu que Ia SAS AGV IMMO verseraà Communauté d'aglomértion un dépôt de garantie
d'un montant de 416666 € HT.

En outre, le locataire rembourser la Communauté d'agglomération le montant de la taxe foncière
inhérente à la surface du local commercial occupé, ainsi que l'ensemble des consommations de
chauffage, életickéeteau. prendra à sa charge les consommations persomnelles pouvant résulter
d'abonnement Individuels.

Les recettes découlant de cette location sont inscrites au budget de a Communauté d'agglomération,

Avticle 4;

Le Président te Directeur général des services de a Communauté d'agglomération sont chargés,
chacun pour ce qui es concerne, de l'exécution de a présente décision.

Avticie 5:
La présente décision sera transmise à la préfète de l'Essonne, au comptable publie d'Évry-

Courcouronnes etpubliéeenignesur este internet de a Communauté d'agglomération selon les
prescriptions légales en vigueur.

Faitàéumy-Courcouronnes le 2 4 JUN 10/5

Michel Bison

Tronsms en Préfecure le 2 { JUN 10
rabiéle JUN 0

La préene décion peut fare labje, dons un délai de dax mo à compter de sa notfrtion et/ou sa
pabliaton, dun recous contenteur ouprs du Mbunal émis compétent ou dun cou groeus
uns dela communauté desgloméatin, étant précis que call pose alor dun dll de deux mos pour
néandre. Un since de deu mo vaut lon déchion mplcte acception, auf encens prévues eux
omdes 11314 et savants du œde des mieions ent k publ et Fodminsmton et par les déoes
deppleaton de ces wues. La décsion ans re, quelle sat presse ou Im, pours elle-même êre
déée ou tmbunol sémmisatf dons un dés deur mot. La one de Wbunal peut sfr por voie
dématénaiste par loplcaten Téléecaurs atoyens, cesse à por du ste waste


--- Fin de la page 2 ---

"
dec_2025_0362,"Accusé de réception en préfecture
091-200080228-20280701 DEC, 2025 0262.AR
Date de télétransmisaon : 01/0712025.

Date de réceplon préleture : 01/07/2025

Grand Paris Sud

Seire-Ensonne-Sérart

Décision du Président n° DEC-2025/0362

Convention de mise à disposition de locaux et de matériel à conclure avec le LPO Pierre
Mendès France de Ris-Orangis

Le Président dela communauté d'agglomération Grand Paris Sud Seine-Essonne-Sénar;

Vu le code général des collectivités Leritorales et notamment son article L 5211-10;

Vu la délibération n° DEL-2024/190 du Conseil communautaire en date du 25 juin 2024 portant
modification eladélégation d'atributians du Conseil communautaire au Bureau communautaire
au Président et au Vice-président chargé de La commande publique en application de l'artide
5211-10 du code général des collectivités territoriales ;

Vu le projet de convention de mise à disposition de locaux et de matériel à conclure avecle LPO
Pierre Mendès France de Ris-Orangis;

Considérant qu'il est nécessaire de fier par convention es modalités de cette mis à disposition

DÉCIDE +

Artide 1°!

Une convention est condue avec le LPO Pierre Mendès France de Ris-Orangis, sise 1 place Fred
<Chichin à Ris-Orangis, représenté parson Proviseur Monsieur GODME, relative la mise à spoition
du Plan, quiauralieule jeudi 03 juillet 2025, pour un évènement nommé Bal de fin d'année ». Les
Locaux seront fournis en bon état de marche ete propreté. Toute cession ou sous-ocation des eux
mis à disposition est interdite.

Aide 2:
La mise à disposition deslocauxetdurmatérilestconsente titre gratui, selenles modaltés fixées
Al'arile 2 de la convention mentionnée dessus.

Atice3

Le Président etle Directeur général des services dela Communauté d'agglomération sont charBés,
chacun pour ce ques concerne, de l'exécution dela présente décision.

50 pee Sacha bnes-262
084 cure :0169915458


Accusé de réception en préfecture
091-200080228-20280701 DEC 2025 0262.AR
Date de téltransmisaon : 01/0712025.

Date de réceplon préleture : 01/07/2025

Article à

La présente décision sera transmise à la préfète de l'Essonne, au comptable public d'év
Courcouronnes etpubliéeenlignesur le site Internet de la Communauté d'agglomération selon les
prescriptions légales en vigueur.

Faità Évy-Courcouromnes, le Q À JUL, 207$

ecu/ Général Adjoint
srl ct a
A Moyens de l'nsetuon

Tronsms en Préfcure le Q À JUL 100
Publiée 0 À JUL

La présente décsion peut for Fobjet dons un délai de Goux mois à compter de sa notion et/ou sa
publication, d'un recours contenter ouprès du ibunal aéniieauf compétent ou dun recours grace
auprès de le communauté d'opglomértion, étot prés que che dispose le d'un li de deux moispour
répondre. Un since de deur mas vout lon déchln mplote d'actapton, auf exceptions prévues
ares L2AL-4 et vont du code des rotons entre Ke pub et laser et par les déve
d'pplleson de ces trs. La désion ainsi prse, qu'elle sie expresse où impite, ours elle-même être
définée cu Mbunol simimrtf dans un dé deux mois La sine Ga tburo peu F'flctuer or voie
dématéralsée par pplcotin Tééreours choyens accessible à par du ste was eur

F0 ÉnCornenscae Tu 11691 5258

"
dec_2025_0370,"Accusé de réception en préfecture
091-200080228-20280701 DEC 2025 0270-AR
Date de télétransmisaon : 01/0712025.

Date de réceplon prélecture : 01/07/2025

Grand Paris Sud

Boin-Esronms-Sénart

Décision du Président n° DEC-2025/0370

Convention d'occupation et d'utilisation des Arènes de Grand Paris Sud à conclure avec le
ub Omnisports Courcouronnes (CC) section Gymnastique dans le cadre de l'organisation
d'un événement intitulé ""Gala - Gymnastique artistique”

Le Président de a communauté d'agglomération Grand Paris Sud Seine-Essonne-Sénart;

Vue code général des collectivités teritorales et notamment son article L 5211-10;

Vu la délibération n° DEL-2024/190 du Conseil communautaire en date du 25 juin 2024 portant
modification de a délégation d'atibutions du Conseil communautaire au Burezu communautaire,
au Président et au Vice-président chargé de La commande publique en application de l'article
L. 5211-10 du code général des callectvités territoriales

{Considérant demande du ub Omnisports Courcouronnes (CO section Gymnastique d'occuper la
salle des Arènes les 27 et 28juin afin d' organiser un Gala de Gymnastique arlistique ;

DÉCIDE +
Anticle 1:
Une convention est conclue avec le COC section Gymnastique, domicilié 13, route de Versailles

(21080), et représenté par Monsieur Mathieu MARINACH, son président, relative à la mise à
ispostion des Arènes afin d'y organiser son gala de Gymnastique artistique.

Avticle 2:
En contrepartie du droit d'occupation et d'utilisation des Arènes, une redevance d'un montant total

de 15 956 EHT (quinze milleneufcentcinquante-s Euros} soit 19 147.20 € TC [dix-neuf mille cent
‘quarante-sept euros et vingt centimes), sera due par le COC section Gymnastique.

Arte

La présente convention prend effet à compter du 27 juin 2025 à 7 h 30 et se terminera au 28 juin
2025 à 21 heures

Anti.

Le Président etle Directeur général des services de la Communauté d'agglomération sont chargés,
chacun pour ce qui es concerme, de l'exécution de la présente décision.

500 es Orne tnt P62
PAGE y Cara Cas 016991 5858

Accusé de réception en préfecture
091-200080228 20280701 DEC 2025 0270-AR
Date de télétransmisaon : 01/0712025.

Date de réception préleture : 01/07/2025

Article 5:
La présente décision sera transmise à la préfère de l'Essonne, au comptable public d'évrr

“Courcouronnesetpubliécen ligne sure site Internet de la Communauté d'agglomération selon les
prescriptions légales en vigueur.

Fait à Évry-Courcouronnes, le Q 1 JUL. 2925

Transmis en Préfet le À 1 JUL, 200$
Piéle QT JUL 275

Lu aréente décion peut far Fab, dons un dti de doux mo à compter de 2 notion «ou sa
publication, dus recours contentieux ours du Mbural aéminitatf compétent ou din ous grec
auprs de le communauté dogglométion, étant rédsé que all dispose alor un délai de deux moispour
pondre. Un sance de deu mo vaut lors déion mate Tecrapatn, auf ecrans prévues aux
ares L231-4 et mont du code des ratons eme le puble at aiment par es décnts
Geppleeson de ces texes. 15 décion sis pr, qu'elle soit enresie ou implil, pour cle-mime êre
(éirée au banal aéminisonf dans un dé deux mois a saine du Vibuna peut Ffectuer par vole
Gémaréroiste por lopalcaten Téléreaurs ctoens, cesse à por du Ste leu te

Snaée dry eme Cae


"
dec_2025_0360,"Accusé de réception en préfecture
091-200080228-20280701 DEC 2025 0260-48
Date de télétransmisaon : 01/0712025.

Date de réceplon préleture : 01/07/2025

Grand Paris Sud

Soine-Etronns-Sérart

Décision du Président n° DEC-2025/0360

Le Plan - Contrat de résidence et de cession des droits de représentation d'un spectacle -
Howard

Le Président de a communauté d'agglomération Grand Paris Sud Seine-Essonne-Sénart,
Vu le code général des collectivités teritorales et notamment son article L 5211-10;

Vu la délibération n° DEL-2024/190 du Conseil communautaire en date du 25 juin 2024 portant
modification de la délégation d'attibutions du Conseil communautaire au Bureau communautaire,
au Président et au Vice-président chargé de la commande publique en application de l'article
L. 5211-10 du code général des collectivités tertoiales

Vue projet de contrat de résidence at de cession de droit 'explotation d'un spectacle à conclure
avec DELTA FUZZ BLECTRONICS pour e groupe HOWARD ;

“Considérant la programmation du Plan pour a saison 2025;

DÉCIDE :

Un contrat est condu avec DELTA FUZZ ELECTRONICS, représentée par sa présidente Véronique
eandenand, sise 62 Avenue Emile Zola à Paris (75015) relatif l'organisation d'une résidence etd'un
“concert de restitution au Plan sur la saison 2025-2026.

Ati

La Communauté d'agglomération ne versera aucun montant à DELTA FUZZ ELECTRONICS en échange
de a mise à disposition gracieuse dela salle en état de marche.

Article 3:

Le Président ete Directeur général des services de la Communauté d'agglomération sont chargés,
chacun pour ce qui es concerne, de l'exécution de a présente décision

Accusé de réception en préfecture
091-200080228-20280701 DEC 2025 0260-AR
Date de télétransmisaon : 01/0712025.

Date de réceplon préleture : 01/07/2025

Article 4

Là présente décision sera transmise à la préfète de l'Essonne, au comptable public d'Évy
Courcouronnes etpubliéeenignesure site Internet de la Communauté d'agglomération selon les
presarptions légales en vigueur.

Dimefrr Général Adi,

ns de Psion

ons en Préface le Q 1 JUL, 2005
née O1 AL AS

La préente décsion peut far lobjet dans un délai de deux mois à compter de 2 notation efou sa
publication, d'un recourt contente ours du Wal odninivatf compétent où dun recours grace
auprès del communeuté d'epglmdation, étant préc que cali dispose alen d'un délai deux mais pour
répondre, Un. mence 6e deux MO vou alor décion mptcte Sacceation, auf ncaptons prévues Gun
nier L2334 et sobants du code des iotons entre ke pub € ladmasaten et par Les décnts
Sapplcaton de es ttes. Lo décsion ans pe, au mt exgrene au imp, ours ele mème âre
Gérés wibunol eéminiatf dons un dés deux moi La sahie de banal peut s'flectuer par vole
Gématériisée par 'eppcaton Téecourscnpens, cesse à parer du se nm tlcous 4,

Fa dant es

"
dec_2025_0364,"Accusé de réception en préfecture
091-200080228-20280701 DEC, 2025 0264.AR
Date de téléransmisaon : 01/0712025.

Date de réceplon prélecture : 01/07/2025

Grand Paris Sud

Saine-Essonne-Sénart

Décision du Président n° DEC-2025/0364

Convention de partenariat à conclure avec la Fédération Nationale des Associations de
Directrices et Directeurs des Affaires Culturelles (FNADAC) - Programme Chysalide

Le Président dela communauté d'agglomération Grand Paris Sud Seine-£ssonne-Sénart
Vue code général des collectivités teritorales et notamment son article L 21-10;

Vu la délibération n° DEL:2024/190 du Conseil communautaire en date du 2 juin 2024 portant
modification dela délégation d'attributions du Consel communautaire au Bureau communautaire,
au Président et au Vice-président chargé de La commande publique en application de l'arice
L 5211-10 du code général des collectivités territoriales

“Considérant que Ia FNADAC propose dans le cadre du dispositif soutenu par l'Etat « Soutenir les
Altemativesvertes 2», un programme nommé Chrysalide.Ce programme de formation-acion dédié
au secteur cuturel, est un dispositif innovant conçu pour accompagner la transition culturelle
‘durable des collectivités territoriales

DÉCIDE :

Article 1:

Une conventionest conclue avecla FNADAC, sise quai de la Rapée à Paris (75012), représentée par
son président Monsieur Christophe BENNET, pour accompagner les agents territoriaux dans a mise
en œuvre de démarches durables, intégrées etréplicables au sein des équipements culturels, sur
Zans, à partir de 2025.

Article 2

La Communauté d'agglomération verser la FNADAC, a somme de 20000 € (non soumise à a TVA)
selon les modalités figurant dans les articles 5.1. et 5.13. de la convention précitée. Les crédits
nécessaires découlant de l'exécution de la présente décision sont inscrits au budget communautaire
de l'exercice en cours etsurle suivant

Article 3

La présente convention est prévue pour la durée de ce programme.

Accusé de réception en préfecture
091-200080228-20280701 DEC, 2025 0264.AR
Date de télétransmisaon : 01/0712025.

Date de réceplon préleture : 01/07/2025

Atticle 4:

Le Président etle Directeur général des services de la Communauté d'agglomération sont chargés,
chacun pour ce ques concerne, de l'exécution de la présente décision.

AuticleS:
La présente décision sera transmise à la préfète de l'Essonne, au comptable public d'vry-

Courcouronnes etpubliéeenlignesur le site Internet de la Communauté d'agglomération selon Les
prescriptions légales en vigueur.

Faità évry-Courcouronnes, le Q À JUL, 175

Michel son
Président

Tronsmis en Préc le 1 JUL, 20
Pak QU A

La présente décision peut are label, dons un doi de deux mor à compter de so moto et/ou sa
publication, dun recu cotenteux auprés du aurai admaistotf compétent ou dun our grace
après de lo communauté opglemératon, ant pré que ce. diapos dos dun és de deux mis pot
pondre. Un slence de deux mo vout des Gécion implcre doeeptoen, sauf ercptens prévues aux
rs L231-4 et suivent de code des motions enve le publ el Foimiiraton et par es déve
applieion de es tetes. a déchion ain prise que so expresse où impicite pour le-mème êve
défie 0 wrounol séminitratf dons un do deux moi. Le saine du mbunat peut séftuer par vie
dématraisée por Feplleon Trecæurs Gtyens, accessle à pri du Site wire Le

SO Correct 0160015858


"
dec_2025_0365,"Accusé de réception en préfecture
091-200080228 20280701 DEC 2025 0265-AR
Date de télétransmisaon : 01/0712025.

Date de réceplon préleture : 01/07/2025

Grand Paris Sud

Saine-Esronne-Gérant

Décision du Président n° DEC-2025/0365

‘Convention de partenariat à conclure avec Edouard LEBRUN relative à la mise en place
d'actions culturelles dans le cadre du projet Le Grand Mix de l'Architecture à Savigny-le-
Temple

Le Président de la communauté d'agglomération Grand Paris Sud Seine-Essonne-Sénar;
Vue code général des collectivités teritorales et notamment son article L 5211-10;

Vu la délibération n° DEL-2024/190 du Conseil communautaire en date du 25 juin 2024 portant
modification dela délégation d'attibutions du Conseil communautaire au Bureau communautaire,
au Président et au Vice-président chargé de la commande publique en application de l'article
L. 5211-10 du code général des collectivités teritorales ;

Vuleprojetdeconventiond'actons culturelles à condure pour l'intervention de l'artiste Odyssée ;

Considérant que La communauté d'agglomération de Grand Paris Sud souhaite mettre en place un
programme d'actions culturelles faisant appel à a participation d'artistes et de professionnels du
champ aulturel;

Considérantle projet Le Grand M de Architecture à Savigny-le-Temple » qui est subventionné par
Le dispositif C'estmon patrimoine » de laDRAC le-de France et qui assacie le service Patrimaine &t
Tourisme de Grand Paris Sud, L'Empreinte, et 'arste ODYSSEE dans le but de proposer une série
d'ateliers visuels et sonores sur le patrimoine de SaviEnyle-Temple à deux groupes de 10jeunes
inscrits aux centres sociaux et serices jeunesse de 1 Ville (Groupe A et 8}

Déc :

Atticle 1:

Une convention est conclue avecFdauard LE8RUN, situé 759, route de Chalmont à Manigod (74230),
représentant l'artiste ODYSSEE dans le cadre du projet Le Grand Mi de l'Architecture à Savigny
Temple

L'artiste ODYSSEE proposeraune série d'ateliers visuel et sonores sure patrimaine de Savigny-le-
Temple à deux groupes de 10 jeunes inscrits aux centres sociaux et services jeunesse de la Ville. 1
interviendra sur les jours et horaires suivants

Jeudi 17julet de 10heures à 13 heures

Vendredi 18juillet de 10 heures à 13 heures

Lundi 2 juilet de 10 heures à 17 heures

Mardi 22 juillet de 10heures à 1 heures

Mercredi 23 juillet de 10 heures à 14 houres

Vendredi 2 ullet de 17 heures à 20h 30

S00pi de unes tea 2


Accusé de réception en préfecture
091-200080228-20280701 DEC 2025 0265-AR
Date de télétransmission : 01/0712025.

Date de réceplon préleture : 01/07/2025

Article 2:

La Communauté d'agglomération s'engage à verser à l'artiste ODYSSEE le montant suivant : 2 400€
{deux mille quatre cents euros] NET. Cette somme n'est pas assujettie à là TVA.

Astice 3:

La présente convention prend effet à compter de sa signature par es deux parties.

Article 4:

Le Président ele Directeur général des services de la Communauté d'agglomération sont chargés,
chacun pour ce qui les cancerne, de l'exécution de a présente décision.

Article

La présente décision sera transmise à la préfète de l'Essonne, au comptable public d'évry-
Courcouronnesetpubliéeen ignesure site Internet de La Communauté d'agglomération selon les
prescriptions légales en vigueur.

Fait Évry-Courcouronnes, le D À JUL, 275

Michel Bisson
ER Président

Transmis en Pau le 0 1 JUL, IS
Paséle QT AL MS

La présente décson peut are lee, dans un débi de dx mas à compter de sa notion et sa
publcatin, dun recours ctentiut ours du Wbuodl oémnotf compétent où du recours grace
ouprs de ln communauté d'sglomarair, ont rés qu cl. dispos los dun aide deux ms pour
répondre. Un snee de deu mar vout los décilon mpñcte captain, sauf erceptons prévues aux
res L231-4 et mont du code des rations eue k puble et Fami et par es déve
Copplation de ces tetes. La décsin aisi pris, quel sh expresse où Imolcie, pour ele-mème êve
défre ou Ibunaï om} sans un dé deux mo La saine du bal peut V'fcuer por voie
démotérisée par leppheaton Rlécours dtoyes, asile à por du ste Wa Dur te

Étraeunes


"
dec_2025_0367,"Accusé de réception en préfecture
091-200080228-20280701 DEC 2025 0287-AR
Date de téléransmisaon : 01/0712025.

Date de réceplon prélcture : 01/07/2025

Grand Paris Sud

Boire Ersonns-Bénar

Décision du Président n° DEC-2025/0367

Convention de mise à disposition de la salle Decauvile - Ferme du Bois-Briard au profit de
La Région Île-de-France

Le Président de la communauté d'agglomération Grand Paris Sud Seine-£ssonne- Sénart;
Vue code général des collectivités teritoriales et notamment son aile L. 5211-10;

Vu le code général de a propriété des personnes publiques et notamment ses articles L 2122-1
etsuivants.

Vu la délibération n° DEL-2024/190 du Conseil communautaire en date du 25 juin 2024 portant
modification dela délégation d'attibutions du Conseil communautaire au Bureau communautaire,
au Président et au Vice-président chargé de La commande publique en application de l'artide
L 5211-10 du code général des collectivités territoriales

Vu les délibérations n°19 du Conseil communautaire en date du 11 octobre 2016 et la délibération
n° DEL-2024/607 du Conseil communautaire du 17 décembre 2024, relatives aux conditions tarifaires
etau règlement intérieur de la Salle Decauvlle la Ferme du Bois Brard,

Vue projet de convention à condure avecla Région Île-de-France,

{Considérant qu'en application de l'article L 2125-1 du code général de la propriété des personnes
publiques, l'autorisation d'ocaupation ou d'utlisation du domaine public peut être délivrée
ratuitement aux associations à but non lucratif qui concourent satisfaction d'unintérèt général,

Considérant que a Région Île-de-France a demandé à occupera salle Decauvile dans Le cadre d'un
Séminaire SDRIF€,

DÉCIDE +
Auticle 1:

Une convention est conclue aveclaRégion Île-de-France, sise 2rue Simone Veil à Saint-Ouen (93400),
pour occupera Salle Decauvile, située laFerme du Bois Brardà Evry Courcouronnes, danse cadre

dela préparation de lamise en œuvre du SDRIF-E.Les locaux seront fournis en bon état de marche et
de propreté. Toute cession ou sous location des lieux mis à disposition est interdite

And

(tte mise à disposition est consentie à titre gracieux

0 Cons aber 01698 458


Accusé de réception en préfecture
091-200080228-20280701 DEC 2025 0267.AR
Date de télétransmisaon : 01/0712025.

Date de réceplon préleture : 01/07/2025

Article 3:

La mise à disposition aura leu à compter du mercredi juillet 2025 de 8heures à 18heures,

Article 4:

Le Président tle Directeur général des services de la Communauté d'agglomération sont chargés,
chacun pour ce qui les concerne, de l'exécution dela présente décision.

Auticle5:
La présente décision sera transmise à la préfète de l'Essonne, au comptable public d'évry-

Courcouronnes, publiée en ligne sur este Internet de La Communauté d'agglomération selon les
prescriptions légales en vigueur et notifiée à son bénéficiaire

Faità Évry-Courcouronnes le { { JUL. 117

Michel Bsson
Président

Fionsms en Préfet 1 JUL, 105
ele tam. ms

La présente déco put far lobe, don un dti de dax mo à compter de 2 nation e/o 50
puélaïon, du recu content aus du banal sgmolaou) comptent où d'un recu gr
nos del communeut d'aloméin étant né que al ci dpos lo d'u dl de deux moisgour
onde. Un Bnce de deu mu au ao décien mp dacpaon, su exaptinr roues ut
ares LA et mont code des mañans eme ke pub et lacmatoion et par ls déor
dcpplanon de ce tes. La décor ana pie, ele sk grue où role, our eleme dre
dre où vibanai amnaoatf dons un dé deux nai Lo se de una peut 'fectier Der vie
Gématnolée porl'ppleson Téécaur ctayans, asbl à por du te aa ROULE

Sp de Ourpsdipé- 872
PO Er conan cie TA :01691 5958

"